Tanggal,Jam,DateTime,Lintang,Bujur,Magnitude,Kedalaman,Wilayah,Potensi
06 Okt 2026,20:11:23 WIB,2026-10-06T13:11:23+00:00,4.94 LU,118.77 BT,5.3,10 km,219 km TimurLaut TARAKAN-KALTARA,Tidak berpotensi tsunami
04 Okt 2026,06:37:31 WIB,2026-10-03T23:37:31+00:00,4.56 LU,94.97 BT,5.9,26 km,68 km BaratDaya CALANG-ACEHJAYA,Tidak berpotensi tsunami
04 Okt 2026,05:55:52 WIB,2026-10-03T22:55:52+00:00,9.70 LS,118.92 BT,6.1,10 km,14 km BaratDaya KODI-SUMBABARATDAYA-NTT,Tidak berpotensi tsunami
01 Okt 2026,21:20:00 WIB,2026-10-01T14:20:00+00:00,7.07 LS,120.80 BT,5.1,10 km,111 km Tenggara SELAYAR-SULSEL,Tidak berpotensi tsunami
22 Sep 2026,06:48:13 WIB,2026-09-21T23:48:13+00:00,4.74 LU,125.30 BT,5.2,10 km,127 km BaratLaut TAHUNA-KEP.SANGIHE-SULUT,Tidak berpotensi tsunami
21 Sep 2026,14:31:07 WIB,2026-09-21T07:31:07+00:00,0.70 LS,122.45 BT,5.3,10 km,26 km BaratDaya PULAUPUAH-SULTENG,Tidak berpotensi tsunami
21 Sep 2026,08:41:37 WIB,2026-09-21T01:41:37+00:00,8.33 LS,120.59 BT,5.3,10 km,34 km TimurLaut RUTENG-MANGGARAI-NTT,Tidak berpotensi tsunami
19 Sep 2026,11:18:36 WIB,2026-09-19T04:18:36+00:00,1.60 LS,138.88 BT,5.1,10 km,33 km TimurLaut SARMI-PAPUA,Tidak berpotensi tsunami
18 Sep 2026,21:36:17 WIB,2026-09-18T14:36:17+00:00,8.64 LS,105.74 BT,5.2,10 km,198 km BaratDaya BAYAH-BANTEN,Tidak berpotensi tsunami
17 Sep 2026,13:20:53 WIB,2026-09-17T06:20:53+00:00,1.35 LU,126.44 BT,5.1,24 km,118 km BaratLaut JAILOLO-MALUT,Tidak berpotensi tsunami
14 Sep 2026,17:58:04 WIB,2026-09-14T10:58:04+00:00,2.52 LU,128.09 BT,6.2,145 km,42 km TimurLaut PULAUDOI-MALUT,Tidak berpotensi tsunami
14 Sep 2026,16:27:39 WIB,2026-09-14T09:27:39+00:00,8.54 LS,105.78 BT,5.6,10 km,186 km BaratDaya BAYAH-BANTEN,Tidak berpotensi tsunami
14 Sep 2026,08:42:08 WIB,2026-09-14T01:42:08+00:00,9.52 LS,112.85 BT,5.2,10 km,156 km Tenggara KAB-MALANG-JATIM,Tidak berpotensi tsunami
12 Sep 2026,13:14:33 WIB,2026-09-12T06:14:33+00:00,6.03 LS,130.66 BT,5.1,124 km,227 km BaratLaut TANIMBAR,Tidak berpotensi tsunami
12 Sep 2026,04:23:56 WIB,2026-09-11T21:23:56+00:00,5.81 LS,106.56 BT,5.9,376 km,6 km Tenggara KEPSERIBU-DKI,Tidak berpotensi tsunami
